Feature,Coefficient
KORCPICORMINMEI,7.394385373674692
KORCP010000IXOBM,4.744753111564031
KORCP040000IXOBM,3.312257658721022
KORCPGRLH02IXOBM,2.359368203868607
KORCP070000IXOBM,1.4857122019965576
KORCP040100IXOBM,0.2801463018298826
KORCP020000IXOBM,0.19413335978776539
KORCP030000IXOBM,0.021246307467202196
